{
  "name": "LiquidCrystal_I2C_ESP32",
  "version": "1.1.6",
  "description": "Fork of  johnrickman/LiquidCrystal_I2C Arduino library, with added method for rewiring SCL and SDA on ESP32",
  "keywords": "LCD, liquidcrystal, I2C",
  "repository":
  {
    "type": "git",
    "url": "https://github.com/iakop/LiquidCrystal_I2C_ESP32.git"
  },
  "authors":
  [
    {
      "name": "Jacob Bechmann Pedersen",
      "email": "jacob.bp@mvb.net",
      "url": "https://github.com/iakop",
      "maintainer": true
    }
  ],
  "frameworks": "arduino",
  "platforms": "espressif32"
}